
=== baseline training ===
Using cpu device
Logging to C:\Users\cyril.beurier\code\robot-learning-model-runtime\models\candidates\90890200-b313-4f38-b010-de1eaaeb3d98\experiment-1\tensorboard\PPO_1
---------------------------------
| rollout/           |          |
|    ep_len_mean     | 500      |
|    ep_rew_mean     | -24.5    |
|    success_rate    | 0        |
| time/              |          |
|    fps             | 1490     |
|    iterations      | 1        |
|    time_elapsed    | 0        |
|    total_timesteps | 1024     |
---------------------------------
-----------------------------------------
| rollout/                |             |
|    ep_len_mean          | 500         |
|    ep_rew_mean          | -33.4       |
|    success_rate         | 0           |
| time/                   |             |
|    fps                  | 906         |
|    iterations           | 2           |
|    time_elapsed         | 2           |
|    total_timesteps      | 2048        |
| train/                  |             |
|    approx_kl            | 0.010641756 |
|    clip_fraction        | 0.104       |
|    clip_range           | 0.2         |
|    entropy_loss         | -2.84       |
|    explained_variance   | -0.155      |
|    learning_rate        | 0.0003      |
|    loss                 | 0.467       |
|    n_updates            | 10          |
|    policy_gradient_loss | -0.0144     |
|    std                  | 1           |
|    value_loss           | 1.49        |
-----------------------------------------
-----------------------------------------
| rollout/                |             |
|    ep_len_mean          | 500         |
|    ep_rew_mean          | -31.2       |
|    success_rate         | 0           |
| time/                   |             |
|    fps                  | 835         |
|    iterations           | 3           |
|    time_elapsed         | 3           |
|    total_timesteps      | 3072        |
| train/                  |             |
|    approx_kl            | 0.009544825 |
|    clip_fraction        | 0.0825      |
|    clip_range           | 0.2         |
|    entropy_loss         | -2.84       |
|    explained_variance   | -0.154      |
|    learning_rate        | 0.0003      |
|    loss                 | 0.42        |
|    n_updates            | 20          |
|    policy_gradient_loss | -0.013      |
|    std                  | 0.996       |
|    value_loss           | 1.74        |
-----------------------------------------
-----------------------------------------
| rollout/                |             |
|    ep_len_mean          | 500         |
|    ep_rew_mean          | -26.1       |
|    success_rate         | 0           |
| time/                   |             |
|    fps                  | 819         |
|    iterations           | 4           |
|    time_elapsed         | 5           |
|    total_timesteps      | 4096        |
| train/                  |             |
|    approx_kl            | 0.007329985 |
|    clip_fraction        | 0.0572      |
|    clip_range           | 0.2         |
|    entropy_loss         | -2.83       |
|    explained_variance   | 0.607       |
|    learning_rate        | 0.0003      |
|    loss                 | 0.504       |
|    n_updates            | 30          |
|    policy_gradient_loss | -0.0086     |
|    std                  | 0.991       |
|    value_loss           | 0.958       |
-----------------------------------------
-----------------------------------------
| rollout/                |             |
|    ep_len_mean          | 500         |
|    ep_rew_mean          | -24.5       |
|    success_rate         | 0           |
| time/                   |             |
|    fps                  | 781         |
|    iterations           | 5           |
|    time_elapsed         | 6           |
|    total_timesteps      | 5120        |
| train/                  |             |
|    approx_kl            | 0.006695642 |
|    clip_fraction        | 0.0727      |
|    clip_range           | 0.2         |
|    entropy_loss         | -2.82       |
|    explained_variance   | 0.402       |
|    learning_rate        | 0.0003      |
|    loss                 | 0.165       |
|    n_updates            | 40          |
|    policy_gradient_loss | -0.00998    |
|    std                  | 0.993       |
|    value_loss           | 0.547       |
-----------------------------------------
-----------------------------------------
| rollout/                |             |
|    ep_len_mean          | 500         |
|    ep_rew_mean          | -23.7       |
|    success_rate         | 0           |
| time/                   |             |
|    fps                  | 748         |
|    iterations           | 6           |
|    time_elapsed         | 8           |
|    total_timesteps      | 6144        |
| train/                  |             |
|    approx_kl            | 0.009454856 |
|    clip_fraction        | 0.0815      |
|    clip_range           | 0.2         |
|    entropy_loss         | -2.82       |
|    explained_variance   | 0.629       |
|    learning_rate        | 0.0003      |
|    loss                 | 0.328       |
|    n_updates            | 50          |
|    policy_gradient_loss | -0.0152     |
|    std                  | 0.989       |
|    value_loss           | 0.998       |
-----------------------------------------
-----------------------------------------
| rollout/                |             |
|    ep_len_mean          | 500         |
|    ep_rew_mean          | -23.5       |
|    success_rate         | 0           |
| time/                   |             |
|    fps                  | 741         |
|    iterations           | 7           |
|    time_elapsed         | 9           |
|    total_timesteps      | 7168        |
| train/                  |             |
|    approx_kl            | 0.011504674 |
|    clip_fraction        | 0.111       |
|    clip_range           | 0.2         |
|    entropy_loss         | -2.83       |
|    explained_variance   | 0.836       |
|    learning_rate        | 0.0003      |
|    loss                 | 0.147       |
|    n_updates            | 60          |
|    policy_gradient_loss | -0.0175     |
|    std                  | 1           |
|    value_loss           | 0.407       |
-----------------------------------------
-----------------------------------------
| rollout/                |             |
|    ep_len_mean          | 500         |
|    ep_rew_mean          | -23         |
|    success_rate         | 0           |
| time/                   |             |
|    fps                  | 737         |
|    iterations           | 8           |
|    time_elapsed         | 11          |
|    total_timesteps      | 8192        |
| train/                  |             |
|    approx_kl            | 0.007830462 |
|    clip_fraction        | 0.0694      |
|    clip_range           | 0.2         |
|    entropy_loss         | -2.84       |
|    explained_variance   | 0.751       |
|    learning_rate        | 0.0003      |
|    loss                 | 0.213       |
|    n_updates            | 70          |
|    policy_gradient_loss | -0.0104     |
|    std                  | 0.998       |
|    value_loss           | 0.464       |
-----------------------------------------
-----------------------------------------
| rollout/                |             |
|    ep_len_mean          | 500         |
|    ep_rew_mean          | -21.9       |
|    success_rate         | 0           |
| time/                   |             |
|    fps                  | 741         |
|    iterations           | 9           |
|    time_elapsed         | 12          |
|    total_timesteps      | 9216        |
| train/                  |             |
|    approx_kl            | 0.008200521 |
|    clip_fraction        | 0.0747      |
|    clip_range           | 0.2         |
|    entropy_loss         | -2.83       |
|    explained_variance   | 0.843       |
|    learning_rate        | 0.0003      |
|    loss                 | 0.257       |
|    n_updates            | 80          |
|    policy_gradient_loss | -0.0133     |
|    std                  | 0.996       |
|    value_loss           | 0.704       |
-----------------------------------------
-----------------------------------------
| rollout/                |             |
|    ep_len_mean          | 500         |
|    ep_rew_mean          | -24         |
|    success_rate         | 0           |
| time/                   |             |
|    fps                  | 739         |
|    iterations           | 10          |
|    time_elapsed         | 13          |
|    total_timesteps      | 10240       |
| train/                  |             |
|    approx_kl            | 0.008846677 |
|    clip_fraction        | 0.0801      |
|    clip_range           | 0.2         |
|    entropy_loss         | -2.83       |
|    explained_variance   | 0.776       |
|    learning_rate        | 0.0003      |
|    loss                 | 0.34        |
|    n_updates            | 90          |
|    policy_gradient_loss | -0.0119     |
|    std                  | 0.993       |
|    value_loss           | 0.895       |
-----------------------------------------
-----------------------------------------
| rollout/                |             |
|    ep_len_mean          | 500         |
|    ep_rew_mean          | -23.4       |
|    success_rate         | 0           |
| time/                   |             |
|    fps                  | 732         |
|    iterations           | 11          |
|    time_elapsed         | 15          |
|    total_timesteps      | 11264       |
| train/                  |             |
|    approx_kl            | 0.013456499 |
|    clip_fraction        | 0.133       |
|    clip_range           | 0.2         |
|    entropy_loss         | -2.82       |
|    explained_variance   | 0.684       |
|    learning_rate        | 0.0003      |
|    loss                 | 0.33        |
|    n_updates            | 100         |
|    policy_gradient_loss | -0.019      |
|    std                  | 0.99        |
|    value_loss           | 0.722       |
-----------------------------------------
-----------------------------------------
| rollout/                |             |
|    ep_len_mean          | 500         |
|    ep_rew_mean          | -21.8       |
|    success_rate         | 0           |
| time/                   |             |
|    fps                  | 730         |
|    iterations           | 12          |
|    time_elapsed         | 16          |
|    total_timesteps      | 12288       |
| train/                  |             |
|    approx_kl            | 0.012653073 |
|    clip_fraction        | 0.116       |
|    clip_range           | 0.2         |
|    entropy_loss         | -2.81       |
|    explained_variance   | 0.555       |
|    learning_rate        | 0.0003      |
|    loss                 | 0.165       |
|    n_updates            | 110         |
|    policy_gradient_loss | -0.0153     |
|    std                  | 0.986       |
|    value_loss           | 0.505       |
-----------------------------------------
-----------------------------------------
| rollout/                |             |
|    ep_len_mean          | 500         |
|    ep_rew_mean          | -21.5       |
|    success_rate         | 0           |
| time/                   |             |
|    fps                  | 723         |
|    iterations           | 13          |
|    time_elapsed         | 18          |
|    total_timesteps      | 13312       |
| train/                  |             |
|    approx_kl            | 0.009381298 |
|    clip_fraction        | 0.116       |
|    clip_range           | 0.2         |
|    entropy_loss         | -2.82       |
|    explained_variance   | 0.906       |
|    learning_rate        | 0.0003      |
|    loss                 | -0.0198     |
|    n_updates            | 120         |
|    policy_gradient_loss | -0.0121     |
|    std                  | 0.991       |
|    value_loss           | 0.0513      |
-----------------------------------------
----------------------------------------
| rollout/                |            |
|    ep_len_mean          | 500        |
|    ep_rew_mean          | -20.7      |
|    success_rate         | 0          |
| time/                   |            |
|    fps                  | 725        |
|    iterations           | 14         |
|    time_elapsed         | 19         |
|    total_timesteps      | 14336      |
| train/                  |            |
|    approx_kl            | 0.01114235 |
|    clip_fraction        | 0.105      |
|    clip_range           | 0.2        |
|    entropy_loss         | -2.82      |
|    explained_variance   | 0.899      |
|    learning_rate        | 0.0003     |
|    loss                 | 0.191      |
|    n_updates            | 130        |
|    policy_gradient_loss | -0.0158    |
|    std                  | 0.993      |
|    value_loss           | 0.51       |
----------------------------------------
-----------------------------------------
| rollout/                |             |
|    ep_len_mean          | 500         |
|    ep_rew_mean          | -19.6       |
|    success_rate         | 0           |
| time/                   |             |
|    fps                  | 722         |
|    iterations           | 15          |
|    time_elapsed         | 21          |
|    total_timesteps      | 15360       |
| train/                  |             |
|    approx_kl            | 0.015528021 |
|    clip_fraction        | 0.187       |
|    clip_range           | 0.2         |
|    entropy_loss         | -2.82       |
|    explained_variance   | 0.856       |
|    learning_rate        | 0.0003      |
|    loss                 | 0.0187      |
|    n_updates            | 140         |
|    policy_gradient_loss | -0.0227     |
|    std                  | 0.988       |
|    value_loss           | 0.189       |
-----------------------------------------
-----------------------------------------
| rollout/                |             |
|    ep_len_mean          | 500         |
|    ep_rew_mean          | -18.9       |
|    success_rate         | 0           |
| time/                   |             |
|    fps                  | 727         |
|    iterations           | 16          |
|    time_elapsed         | 22          |
|    total_timesteps      | 16384       |
| train/                  |             |
|    approx_kl            | 0.009380612 |
|    clip_fraction        | 0.0775      |
|    clip_range           | 0.2         |
|    entropy_loss         | -2.8        |
|    explained_variance   | 0.853       |
|    learning_rate        | 0.0003      |
|    loss                 | 0.065       |
|    n_updates            | 150         |
|    policy_gradient_loss | -0.0103     |
|    std                  | 0.975       |
|    value_loss           | 0.256       |
-----------------------------------------
------------------------------------------
| rollout/                |              |
|    ep_len_mean          | 500          |
|    ep_rew_mean          | -18          |
|    success_rate         | 0            |
| time/                   |              |
|    fps                  | 724          |
|    iterations           | 17           |
|    time_elapsed         | 24           |
|    total_timesteps      | 17408        |
| train/                  |              |
|    approx_kl            | 0.0066437298 |
|    clip_fraction        | 0.046        |
|    clip_range           | 0.2          |
|    entropy_loss         | -2.77        |
|    explained_variance   | 0.86         |
|    learning_rate        | 0.0003       |
|    loss                 | 0.0397       |
|    n_updates            | 160          |
|    policy_gradient_loss | -0.00869     |
|    std                  | 0.96         |
|    value_loss           | 0.31         |
------------------------------------------
-----------------------------------------
| rollout/                |             |
|    ep_len_mean          | 500         |
|    ep_rew_mean          | -17.8       |
|    success_rate         | 0           |
| time/                   |             |
|    fps                  | 716         |
|    iterations           | 18          |
|    time_elapsed         | 25          |
|    total_timesteps      | 18432       |
| train/                  |             |
|    approx_kl            | 0.010121141 |
|    clip_fraction        | 0.0959      |
|    clip_range           | 0.2         |
|    entropy_loss         | -2.75       |
|    explained_variance   | 0.917       |
|    learning_rate        | 0.0003      |
|    loss                 | 0.0808      |
|    n_updates            | 170         |
|    policy_gradient_loss | -0.0114     |
|    std                  | 0.952       |
|    value_loss           | 0.214       |
-----------------------------------------
------------------------------------------
| rollout/                |              |
|    ep_len_mean          | 500          |
|    ep_rew_mean          | -17.6        |
|    success_rate         | 0            |
| time/                   |              |
|    fps                  | 717          |
|    iterations           | 19           |
|    time_elapsed         | 27           |
|    total_timesteps      | 19456        |
| train/                  |              |
|    approx_kl            | 0.0070108734 |
|    clip_fraction        | 0.0649       |
|    clip_range           | 0.2          |
|    entropy_loss         | -2.74        |
|    explained_variance   | 0.848        |
|    learning_rate        | 0.0003       |
|    loss                 | 0.0545       |
|    n_updates            | 180          |
|    policy_gradient_loss | -0.009       |
|    std                  | 0.954        |
|    value_loss           | 0.201        |
------------------------------------------
-----------------------------------------
| rollout/                |             |
|    ep_len_mean          | 500         |
|    ep_rew_mean          | -18.8       |
|    success_rate         | 0           |
| time/                   |             |
|    fps                  | 712         |
|    iterations           | 20          |
|    time_elapsed         | 28          |
|    total_timesteps      | 20480       |
| train/                  |             |
|    approx_kl            | 0.008117944 |
|    clip_fraction        | 0.0908      |
|    clip_range           | 0.2         |
|    entropy_loss         | -2.75       |
|    explained_variance   | 0.736       |
|    learning_rate        | 0.0003      |
|    loss                 | 0.163       |
|    n_updates            | 190         |
|    policy_gradient_loss | -0.0114     |
|    std                  | 0.957       |
|    value_loss           | 0.401       |
-----------------------------------------
-----------------------------------------
| rollout/                |             |
|    ep_len_mean          | 500         |
|    ep_rew_mean          | -19.5       |
|    success_rate         | 0           |
| time/                   |             |
|    fps                  | 711         |
|    iterations           | 21          |
|    time_elapsed         | 30          |
|    total_timesteps      | 21504       |
| train/                  |             |
|    approx_kl            | 0.008391384 |
|    clip_fraction        | 0.1         |
|    clip_range           | 0.2         |
|    entropy_loss         | -2.75       |
|    explained_variance   | 0.63        |
|    learning_rate        | 0.0003      |
|    loss                 | 0.221       |
|    n_updates            | 200         |
|    policy_gradient_loss | -0.0117     |
|    std                  | 0.956       |
|    value_loss           | 0.565       |
-----------------------------------------
-----------------------------------------
| rollout/                |             |
|    ep_len_mean          | 500         |
|    ep_rew_mean          | -19.5       |
|    success_rate         | 0           |
| time/                   |             |
|    fps                  | 706         |
|    iterations           | 22          |
|    time_elapsed         | 31          |
|    total_timesteps      | 22528       |
| train/                  |             |
|    approx_kl            | 0.009237785 |
|    clip_fraction        | 0.0983      |
|    clip_range           | 0.2         |
|    entropy_loss         | -2.74       |
|    explained_variance   | 0.614       |
|    learning_rate        | 0.0003      |
|    loss                 | 0.256       |
|    n_updates            | 210         |
|    policy_gradient_loss | -0.0126     |
|    std                  | 0.945       |
|    value_loss           | 0.617       |
-----------------------------------------
-----------------------------------------
| rollout/                |             |
|    ep_len_mean          | 500         |
|    ep_rew_mean          | -18.8       |
|    success_rate         | 0           |
| time/                   |             |
|    fps                  | 706         |
|    iterations           | 23          |
|    time_elapsed         | 33          |
|    total_timesteps      | 23552       |
| train/                  |             |
|    approx_kl            | 0.008998038 |
|    clip_fraction        | 0.0717      |
|    clip_range           | 0.2         |
|    entropy_loss         | -2.73       |
|    explained_variance   | 0.3         |
|    learning_rate        | 0.0003      |
|    loss                 | 0.366       |
|    n_updates            | 220         |
|    policy_gradient_loss | -0.00844    |
|    std                  | 0.95        |
|    value_loss           | 0.587       |
-----------------------------------------
-----------------------------------------
| rollout/                |             |
|    ep_len_mean          | 500         |
|    ep_rew_mean          | -18.1       |
|    success_rate         | 0           |
| time/                   |             |
|    fps                  | 704         |
|    iterations           | 24          |
|    time_elapsed         | 34          |
|    total_timesteps      | 24576       |
| train/                  |             |
|    approx_kl            | 0.009880668 |
|    clip_fraction        | 0.111       |
|    clip_range           | 0.2         |
|    entropy_loss         | -2.74       |
|    explained_variance   | 0.874       |
|    learning_rate        | 0.0003      |
|    loss                 | -0.0645     |
|    n_updates            | 230         |
|    policy_gradient_loss | -0.0125     |
|    std                  | 0.953       |
|    value_loss           | 0.103       |
-----------------------------------------
-----------------------------------------
| rollout/                |             |
|    ep_len_mean          | 500         |
|    ep_rew_mean          | -17.5       |
|    success_rate         | 0           |
| time/                   |             |
|    fps                  | 703         |
|    iterations           | 25          |
|    time_elapsed         | 36          |
|    total_timesteps      | 25600       |
| train/                  |             |
|    approx_kl            | 0.014321154 |
|    clip_fraction        | 0.183       |
|    clip_range           | 0.2         |
|    entropy_loss         | -2.74       |
|    explained_variance   | 0.935       |
|    learning_rate        | 0.0003      |
|    loss                 | -0.0557     |
|    n_updates            | 240         |
|    policy_gradient_loss | -0.0234     |
|    std                  | 0.951       |
|    value_loss           | 0.0566      |
-----------------------------------------
-----------------------------------------
| rollout/                |             |
|    ep_len_mean          | 500         |
|    ep_rew_mean          | -17.7       |
|    success_rate         | 0           |
| time/                   |             |
|    fps                  | 701         |
|    iterations           | 26          |
|    time_elapsed         | 37          |
|    total_timesteps      | 26624       |
| train/                  |             |
|    approx_kl            | 0.008939682 |
|    clip_fraction        | 0.0903      |
|    clip_range           | 0.2         |
|    entropy_loss         | -2.74       |
|    explained_variance   | 0.877       |
|    learning_rate        | 0.0003      |
|    loss                 | -0.0163     |
|    n_updates            | 250         |
|    policy_gradient_loss | -0.0107     |
|    std                  | 0.951       |
|    value_loss           | 0.0619      |
-----------------------------------------
-----------------------------------------
| rollout/                |             |
|    ep_len_mean          | 500         |
|    ep_rew_mean          | -18.2       |
|    success_rate         | 0           |
| time/                   |             |
|    fps                  | 701         |
|    iterations           | 27          |
|    time_elapsed         | 39          |
|    total_timesteps      | 27648       |
| train/                  |             |
|    approx_kl            | 0.011088419 |
|    clip_fraction        | 0.111       |
|    clip_range           | 0.2         |
|    entropy_loss         | -2.74       |
|    explained_variance   | 0.542       |
|    learning_rate        | 0.0003      |
|    loss                 | 0.134       |
|    n_updates            | 260         |
|    policy_gradient_loss | -0.0143     |
|    std                  | 0.959       |
|    value_loss           | 0.474       |
-----------------------------------------
------------------------------------------
| rollout/                |              |
|    ep_len_mean          | 500          |
|    ep_rew_mean          | -17.9        |
|    success_rate         | 0            |
| time/                   |              |
|    fps                  | 701          |
|    iterations           | 28           |
|    time_elapsed         | 40           |
|    total_timesteps      | 28672        |
| train/                  |              |
|    approx_kl            | 0.0112775825 |
|    clip_fraction        | 0.103        |
|    clip_range           | 0.2          |
|    entropy_loss         | -2.75        |
|    explained_variance   | 0.824        |
|    learning_rate        | 0.0003       |
|    loss                 | 0.156        |
|    n_updates            | 270          |
|    policy_gradient_loss | -0.0142      |
|    std                  | 0.956        |
|    value_loss           | 0.545        |
------------------------------------------
------------------------------------------
| rollout/                |              |
|    ep_len_mean          | 500          |
|    ep_rew_mean          | -18          |
|    success_rate         | 0            |
| time/                   |              |
|    fps                  | 702          |
|    iterations           | 29           |
|    time_elapsed         | 42           |
|    total_timesteps      | 29696        |
| train/                  |              |
|    approx_kl            | 0.0069267256 |
|    clip_fraction        | 0.084        |
|    clip_range           | 0.2          |
|    entropy_loss         | -2.76        |
|    explained_variance   | 0.775        |
|    learning_rate        | 0.0003       |
|    loss                 | 0.102        |
|    n_updates            | 280          |
|    policy_gradient_loss | -0.00816     |
|    std                  | 0.963        |
|    value_loss           | 0.371        |
------------------------------------------
------------------------------------------
| rollout/                |              |
|    ep_len_mean          | 500          |
|    ep_rew_mean          | -18.6        |
|    success_rate         | 0            |
| time/                   |              |
|    fps                  | 700          |
|    iterations           | 30           |
|    time_elapsed         | 43           |
|    total_timesteps      | 30720        |
| train/                  |              |
|    approx_kl            | 0.0071497294 |
|    clip_fraction        | 0.0626       |
|    clip_range           | 0.2          |
|    entropy_loss         | -2.76        |
|    explained_variance   | 0.29         |
|    learning_rate        | 0.0003       |
|    loss                 | 0.117        |
|    n_updates            | 290          |
|    policy_gradient_loss | -0.0098      |
|    std                  | 0.963        |
|    value_loss           | 0.592        |
------------------------------------------
-----------------------------------------
| rollout/                |             |
|    ep_len_mean          | 500         |
|    ep_rew_mean          | -19.1       |
|    success_rate         | 0           |
| time/                   |             |
|    fps                  | 699         |
|    iterations           | 31          |
|    time_elapsed         | 45          |
|    total_timesteps      | 31744       |
| train/                  |             |
|    approx_kl            | 0.008480463 |
|    clip_fraction        | 0.0952      |
|    clip_range           | 0.2         |
|    entropy_loss         | -2.76       |
|    explained_variance   | 0.71        |
|    learning_rate        | 0.0003      |
|    loss                 | 0.314       |
|    n_updates            | 300         |
|    policy_gradient_loss | -0.0114     |
|    std                  | 0.96        |
|    value_loss           | 0.533       |
-----------------------------------------
-----------------------------------------
| rollout/                |             |
|    ep_len_mean          | 500         |
|    ep_rew_mean          | -18.8       |
|    success_rate         | 0           |
| time/                   |             |
|    fps                  | 699         |
|    iterations           | 32          |
|    time_elapsed         | 46          |
|    total_timesteps      | 32768       |
| train/                  |             |
|    approx_kl            | 0.012102053 |
|    clip_fraction        | 0.102       |
|    clip_range           | 0.2         |
|    entropy_loss         | -2.75       |
|    explained_variance   | 0.737       |
|    learning_rate        | 0.0003      |
|    loss                 | 0.204       |
|    n_updates            | 310         |
|    policy_gradient_loss | -0.016      |
|    std                  | 0.959       |
|    value_loss           | 0.654       |
-----------------------------------------
-----------------------------------------
| rollout/                |             |
|    ep_len_mean          | 500         |
|    ep_rew_mean          | -19.3       |
|    success_rate         | 0           |
| time/                   |             |
|    fps                  | 700         |
|    iterations           | 33          |
|    time_elapsed         | 48          |
|    total_timesteps      | 33792       |
| train/                  |             |
|    approx_kl            | 0.010583995 |
|    clip_fraction        | 0.109       |
|    clip_range           | 0.2         |
|    entropy_loss         | -2.76       |
|    explained_variance   | 0.427       |
|    learning_rate        | 0.0003      |
|    loss                 | 0.51        |
|    n_updates            | 320         |
|    policy_gradient_loss | -0.0144     |
|    std                  | 0.96        |
|    value_loss           | 1.21        |
-----------------------------------------
-----------------------------------------
| rollout/                |             |
|    ep_len_mean          | 500         |
|    ep_rew_mean          | -19         |
|    success_rate         | 0           |
| time/                   |             |
|    fps                  | 701         |
|    iterations           | 34          |
|    time_elapsed         | 49          |
|    total_timesteps      | 34816       |
| train/                  |             |
|    approx_kl            | 0.009814212 |
|    clip_fraction        | 0.118       |
|    clip_range           | 0.2         |
|    entropy_loss         | -2.76       |
|    explained_variance   | 0.716       |
|    learning_rate        | 0.0003      |
|    loss                 | 0.151       |
|    n_updates            | 330         |
|    policy_gradient_loss | -0.0128     |
|    std                  | 0.959       |
|    value_loss           | 0.462       |
-----------------------------------------
-----------------------------------------
| rollout/                |             |
|    ep_len_mean          | 500         |
|    ep_rew_mean          | -18.7       |
|    success_rate         | 0           |
| time/                   |             |
|    fps                  | 701         |
|    iterations           | 35          |
|    time_elapsed         | 51          |
|    total_timesteps      | 35840       |
| train/                  |             |
|    approx_kl            | 0.009621352 |
|    clip_fraction        | 0.0736      |
|    clip_range           | 0.2         |
|    entropy_loss         | -2.74       |
|    explained_variance   | 0.613       |
|    learning_rate        | 0.0003      |
|    loss                 | 0.317       |
|    n_updates            | 340         |
|    policy_gradient_loss | -0.0121     |
|    std                  | 0.942       |
|    value_loss           | 0.807       |
-----------------------------------------
-----------------------------------------
| rollout/                |             |
|    ep_len_mean          | 500         |
|    ep_rew_mean          | -18.6       |
|    success_rate         | 0           |
| time/                   |             |
|    fps                  | 701         |
|    iterations           | 36          |
|    time_elapsed         | 52          |
|    total_timesteps      | 36864       |
| train/                  |             |
|    approx_kl            | 0.011984314 |
|    clip_fraction        | 0.129       |
|    clip_range           | 0.2         |
|    entropy_loss         | -2.71       |
|    explained_variance   | 0.449       |
|    learning_rate        | 0.0003      |
|    loss                 | 0.267       |
|    n_updates            | 350         |
|    policy_gradient_loss | -0.0173     |
|    std                  | 0.936       |
|    value_loss           | 0.821       |
-----------------------------------------
------------------------------------------
| rollout/                |              |
|    ep_len_mean          | 500          |
|    ep_rew_mean          | -18.6        |
|    success_rate         | 0            |
| time/                   |              |
|    fps                  | 700          |
|    iterations           | 37           |
|    time_elapsed         | 54           |
|    total_timesteps      | 37888        |
| train/                  |              |
|    approx_kl            | 0.0076069757 |
|    clip_fraction        | 0.0927       |
|    clip_range           | 0.2          |
|    entropy_loss         | -2.69        |
|    explained_variance   | 0.33         |
|    learning_rate        | 0.0003       |
|    loss                 | 0.439        |
|    n_updates            | 360          |
|    policy_gradient_loss | -0.0131      |
|    std                  | 0.924        |
|    value_loss           | 1.31         |
------------------------------------------
-----------------------------------------
| rollout/                |             |
|    ep_len_mean          | 500         |
|    ep_rew_mean          | -18.1       |
|    success_rate         | 0           |
| time/                   |             |
|    fps                  | 700         |
|    iterations           | 38          |
|    time_elapsed         | 55          |
|    total_timesteps      | 38912       |
| train/                  |             |
|    approx_kl            | 0.010257261 |
|    clip_fraction        | 0.101       |
|    clip_range           | 0.2         |
|    entropy_loss         | -2.67       |
|    explained_variance   | 0.236       |
|    learning_rate        | 0.0003      |
|    loss                 | 0.634       |
|    n_updates            | 370         |
|    policy_gradient_loss | -0.0113     |
|    std                  | 0.915       |
|    value_loss           | 1.23        |
-----------------------------------------
-----------------------------------------
| rollout/                |             |
|    ep_len_mean          | 500         |
|    ep_rew_mean          | -17.8       |
|    success_rate         | 0           |
| time/                   |             |
|    fps                  | 699         |
|    iterations           | 39          |
|    time_elapsed         | 57          |
|    total_timesteps      | 39936       |
| train/                  |             |
|    approx_kl            | 0.007983923 |
|    clip_fraction        | 0.0693      |
|    clip_range           | 0.2         |
|    entropy_loss         | -2.65       |
|    explained_variance   | 0.415       |
|    learning_rate        | 0.0003      |
|    loss                 | 0.442       |
|    n_updates            | 380         |
|    policy_gradient_loss | -0.00872    |
|    std                  | 0.906       |
|    value_loss           | 1.44        |
-----------------------------------------
-----------------------------------------
| rollout/                |             |
|    ep_len_mean          | 500         |
|    ep_rew_mean          | -17.3       |
|    success_rate         | 0           |
| time/                   |             |
|    fps                  | 700         |
|    iterations           | 40          |
|    time_elapsed         | 58          |
|    total_timesteps      | 40960       |
| train/                  |             |
|    approx_kl            | 0.012680151 |
|    clip_fraction        | 0.137       |
|    clip_range           | 0.2         |
|    entropy_loss         | -2.64       |
|    explained_variance   | 0.445       |
|    learning_rate        | 0.0003      |
|    loss                 | 0.313       |
|    n_updates            | 390         |
|    policy_gradient_loss | -0.0163     |
|    std                  | 0.911       |
|    value_loss           | 0.697       |
-----------------------------------------
----------------------------------------
| rollout/                |            |
|    ep_len_mean          | 500        |
|    ep_rew_mean          | -16.2      |
|    success_rate         | 0          |
| time/                   |            |
|    fps                  | 698        |
|    iterations           | 41         |
|    time_elapsed         | 60         |
|    total_timesteps      | 41984      |
| train/                  |            |
|    approx_kl            | 0.01320513 |
|    clip_fraction        | 0.117      |
|    clip_range           | 0.2        |
|    entropy_loss         | -2.64      |
|    explained_variance   | 0.4        |
|    learning_rate        | 0.0003     |
|    loss                 | 0.917      |
|    n_updates            | 400        |
|    policy_gradient_loss | -0.0173    |
|    std                  | 0.906      |
|    value_loss           | 1.64       |
----------------------------------------
------------------------------------------
| rollout/                |              |
|    ep_len_mean          | 500          |
|    ep_rew_mean          | -14.3        |
|    success_rate         | 0            |
| time/                   |              |
|    fps                  | 698          |
|    iterations           | 42           |
|    time_elapsed         | 61           |
|    total_timesteps      | 43008        |
| train/                  |              |
|    approx_kl            | 0.0142733725 |
|    clip_fraction        | 0.142        |
|    clip_range           | 0.2          |
|    entropy_loss         | -2.62        |
|    explained_variance   | 0.127        |
|    learning_rate        | 0.0003       |
|    loss                 | 0.797        |
|    n_updates            | 410          |
|    policy_gradient_loss | -0.0198      |
|    std                  | 0.885        |
|    value_loss           | 1.95         |
------------------------------------------
-----------------------------------------
| rollout/                |             |
|    ep_len_mean          | 500         |
|    ep_rew_mean          | -13.4       |
|    success_rate         | 0           |
| time/                   |             |
|    fps                  | 698         |
|    iterations           | 43          |
|    time_elapsed         | 63          |
|    total_timesteps      | 44032       |
| train/                  |             |
|    approx_kl            | 0.013796201 |
|    clip_fraction        | 0.105       |
|    clip_range           | 0.2         |
|    entropy_loss         | -2.58       |
|    explained_variance   | -0.0889     |
|    learning_rate        | 0.0003      |
|    loss                 | 0.822       |
|    n_updates            | 420         |
|    policy_gradient_loss | -0.0158     |
|    std                  | 0.874       |
|    value_loss           | 2.18        |
-----------------------------------------
-----------------------------------------
| rollout/                |             |
|    ep_len_mean          | 500         |
|    ep_rew_mean          | -11.7       |
|    success_rate         | 0           |
| time/                   |             |
|    fps                  | 699         |
|    iterations           | 44          |
|    time_elapsed         | 64          |
|    total_timesteps      | 45056       |
| train/                  |             |
|    approx_kl            | 0.007856027 |
|    clip_fraction        | 0.104       |
|    clip_range           | 0.2         |
|    entropy_loss         | -2.56       |
|    explained_variance   | -0.303      |
|    learning_rate        | 0.0003      |
|    loss                 | 0.652       |
|    n_updates            | 430         |
|    policy_gradient_loss | -0.0111     |
|    std                  | 0.868       |
|    value_loss           | 1.83        |
-----------------------------------------
-----------------------------------------
| rollout/                |             |
|    ep_len_mean          | 500         |
|    ep_rew_mean          | -9.81       |
|    success_rate         | 0           |
| time/                   |             |
|    fps                  | 698         |
|    iterations           | 45          |
|    time_elapsed         | 65          |
|    total_timesteps      | 46080       |
| train/                  |             |
|    approx_kl            | 0.013449498 |
|    clip_fraction        | 0.125       |
|    clip_range           | 0.2         |
|    entropy_loss         | -2.54       |
|    explained_variance   | 0.162       |
|    learning_rate        | 0.0003      |
|    loss                 | 1.19        |
|    n_updates            | 440         |
|    policy_gradient_loss | -0.0183     |
|    std                  | 0.853       |
|    value_loss           | 2.76        |
-----------------------------------------
-----------------------------------------
| rollout/                |             |
|    ep_len_mean          | 500         |
|    ep_rew_mean          | -8.36       |
|    success_rate         | 0           |
| time/                   |             |
|    fps                  | 698         |
|    iterations           | 46          |
|    time_elapsed         | 67          |
|    total_timesteps      | 47104       |
| train/                  |             |
|    approx_kl            | 0.014167962 |
|    clip_fraction        | 0.147       |
|    clip_range           | 0.2         |
|    entropy_loss         | -2.5        |
|    explained_variance   | 0.0033      |
|    learning_rate        | 0.0003      |
|    loss                 | 0.764       |
|    n_updates            | 450         |
|    policy_gradient_loss | -0.0188     |
|    std                  | 0.838       |
|    value_loss           | 2.33        |
-----------------------------------------
-----------------------------------------
| rollout/                |             |
|    ep_len_mean          | 500         |
|    ep_rew_mean          | -6.56       |
|    success_rate         | 0           |
| time/                   |             |
|    fps                  | 698         |
|    iterations           | 47          |
|    time_elapsed         | 68          |
|    total_timesteps      | 48128       |
| train/                  |             |
|    approx_kl            | 0.011175106 |
|    clip_fraction        | 0.115       |
|    clip_range           | 0.2         |
|    entropy_loss         | -2.47       |
|    explained_variance   | -0.68       |
|    learning_rate        | 0.0003      |
|    loss                 | 0.997       |
|    n_updates            | 460         |
|    policy_gradient_loss | -0.013      |
|    std                  | 0.828       |
|    value_loss           | 2.31        |
-----------------------------------------
------------------------------------------
| rollout/                |              |
|    ep_len_mean          | 500          |
|    ep_rew_mean          | -5.33        |
|    success_rate         | 0            |
| time/                   |              |
|    fps                  | 696          |
|    iterations           | 48           |
|    time_elapsed         | 70           |
|    total_timesteps      | 49152        |
| train/                  |              |
|    approx_kl            | 0.0139467595 |
|    clip_fraction        | 0.147        |
|    clip_range           | 0.2          |
|    entropy_loss         | -2.44        |
|    explained_variance   | 0.132        |
|    learning_rate        | 0.0003       |
|    loss                 | 0.958        |
|    n_updates            | 470          |
|    policy_gradient_loss | -0.0171      |
|    std                  | 0.814        |
|    value_loss           | 2.29         |
------------------------------------------
-----------------------------------------
| rollout/                |             |
|    ep_len_mean          | 500         |
|    ep_rew_mean          | -3.4        |
|    success_rate         | 0           |
| time/                   |             |
|    fps                  | 697         |
|    iterations           | 49          |
|    time_elapsed         | 71          |
|    total_timesteps      | 50176       |
| train/                  |             |
|    approx_kl            | 0.013575919 |
|    clip_fraction        | 0.152       |
|    clip_range           | 0.2         |
|    entropy_loss         | -2.41       |
|    explained_variance   | -0.615      |
|    learning_rate        | 0.0003      |
|    loss                 | 1.35        |
|    n_updates            | 480         |
|    policy_gradient_loss | -0.0171     |
|    std                  | 0.804       |
|    value_loss           | 3.11        |
-----------------------------------------
-----------------------------------------
| rollout/                |             |
|    ep_len_mean          | 500         |
|    ep_rew_mean          | -1.32       |
|    success_rate         | 0           |
| time/                   |             |
|    fps                  | 697         |
|    iterations           | 50          |
|    time_elapsed         | 73          |
|    total_timesteps      | 51200       |
| train/                  |             |
|    approx_kl            | 0.013117023 |
|    clip_fraction        | 0.184       |
|    clip_range           | 0.2         |
|    entropy_loss         | -2.38       |
|    explained_variance   | 0.0423      |
|    learning_rate        | 0.0003      |
|    loss                 | 0.895       |
|    n_updates            | 490         |
|    policy_gradient_loss | -0.0201     |
|    std                  | 0.789       |
|    value_loss           | 2.34        |
-----------------------------------------
-----------------------------------------
| rollout/                |             |
|    ep_len_mean          | 500         |
|    ep_rew_mean          | 1.91        |
|    success_rate         | 0           |
| time/                   |             |
|    fps                  | 697         |
|    iterations           | 51          |
|    time_elapsed         | 74          |
|    total_timesteps      | 52224       |
| train/                  |             |
|    approx_kl            | 0.010120766 |
|    clip_fraction        | 0.133       |
|    clip_range           | 0.2         |
|    entropy_loss         | -2.35       |
|    explained_variance   | -0.023      |
|    learning_rate        | 0.0003      |
|    loss                 | 0.64        |
|    n_updates            | 500         |
|    policy_gradient_loss | -0.0147     |
|    std                  | 0.779       |
|    value_loss           | 2.46        |
-----------------------------------------
-----------------------------------------
| rollout/                |             |
|    ep_len_mean          | 500         |
|    ep_rew_mean          | 5.15        |
|    success_rate         | 0           |
| time/                   |             |
|    fps                  | 698         |
|    iterations           | 52          |
|    time_elapsed         | 76          |
|    total_timesteps      | 53248       |
| train/                  |             |
|    approx_kl            | 0.010492152 |
|    clip_fraction        | 0.111       |
|    clip_range           | 0.2         |
|    entropy_loss         | -2.31       |
|    explained_variance   | 0.159       |
|    learning_rate        | 0.0003      |
|    loss                 | 1.42        |
|    n_updates            | 510         |
|    policy_gradient_loss | -0.0142     |
|    std                  | 0.763       |
|    value_loss           | 3.09        |
-----------------------------------------
-----------------------------------------
| rollout/                |             |
|    ep_len_mean          | 500         |
|    ep_rew_mean          | 7.73        |
|    success_rate         | 0           |
| time/                   |             |
|    fps                  | 697         |
|    iterations           | 53          |
|    time_elapsed         | 77          |
|    total_timesteps      | 54272       |
| train/                  |             |
|    approx_kl            | 0.011613812 |
|    clip_fraction        | 0.108       |
|    clip_range           | 0.2         |
|    entropy_loss         | -2.28       |
|    explained_variance   | 0.385       |
|    learning_rate        | 0.0003      |
|    loss                 | 0.465       |
|    n_updates            | 520         |
|    policy_gradient_loss | -0.0111     |
|    std                  | 0.748       |
|    value_loss           | 2.63        |
-----------------------------------------
-----------------------------------------
| rollout/                |             |
|    ep_len_mean          | 500         |
|    ep_rew_mean          | 11.3        |
|    success_rate         | 0           |
| time/                   |             |
|    fps                  | 697         |
|    iterations           | 54          |
|    time_elapsed         | 79          |
|    total_timesteps      | 55296       |
| train/                  |             |
|    approx_kl            | 0.010471299 |
|    clip_fraction        | 0.116       |
|    clip_range           | 0.2         |
|    entropy_loss         | -2.23       |
|    explained_variance   | -0.167      |
|    learning_rate        | 0.0003      |
|    loss                 | 1           |
|    n_updates            | 530         |
|    policy_gradient_loss | -0.0109     |
|    std                  | 0.732       |
|    value_loss           | 2.53        |
-----------------------------------------
-----------------------------------------
| rollout/                |             |
|    ep_len_mean          | 500         |
|    ep_rew_mean          | 14.8        |
|    success_rate         | 0           |
| time/                   |             |
|    fps                  | 694         |
|    iterations           | 55          |
|    time_elapsed         | 81          |
|    total_timesteps      | 56320       |
| train/                  |             |
|    approx_kl            | 0.009374685 |
|    clip_fraction        | 0.0977      |
|    clip_range           | 0.2         |
|    entropy_loss         | -2.19       |
|    explained_variance   | 0.214       |
|    learning_rate        | 0.0003      |
|    loss                 | 0.855       |
|    n_updates            | 540         |
|    policy_gradient_loss | -0.0134     |
|    std                  | 0.714       |
|    value_loss           | 2.47        |
-----------------------------------------
-----------------------------------------
| rollout/                |             |
|    ep_len_mean          | 500         |
|    ep_rew_mean          | 18.4        |
|    success_rate         | 0           |
| time/                   |             |
|    fps                  | 694         |
|    iterations           | 56          |
|    time_elapsed         | 82          |
|    total_timesteps      | 57344       |
| train/                  |             |
|    approx_kl            | 0.008316236 |
|    clip_fraction        | 0.094       |
|    clip_range           | 0.2         |
|    entropy_loss         | -2.14       |
|    explained_variance   | 0.392       |
|    learning_rate        | 0.0003      |
|    loss                 | 0.848       |
|    n_updates            | 550         |
|    policy_gradient_loss | -0.00926    |
|    std                  | 0.701       |
|    value_loss           | 2.87        |
-----------------------------------------
-----------------------------------------
| rollout/                |             |
|    ep_len_mean          | 500         |
|    ep_rew_mean          | 22.5        |
|    success_rate         | 0           |
| time/                   |             |
|    fps                  | 692         |
|    iterations           | 57          |
|    time_elapsed         | 84          |
|    total_timesteps      | 58368       |
| train/                  |             |
|    approx_kl            | 0.013207675 |
|    clip_fraction        | 0.16        |
|    clip_range           | 0.2         |
|    entropy_loss         | -2.1        |
|    explained_variance   | 0.511       |
|    learning_rate        | 0.0003      |
|    loss                 | 0.78        |
|    n_updates            | 560         |
|    policy_gradient_loss | -0.0138     |
|    std                  | 0.688       |
|    value_loss           | 2.33        |
-----------------------------------------
-----------------------------------------
| rollout/                |             |
|    ep_len_mean          | 500         |
|    ep_rew_mean          | 24.6        |
|    success_rate         | 0           |
| time/                   |             |
|    fps                  | 692         |
|    iterations           | 58          |
|    time_elapsed         | 85          |
|    total_timesteps      | 59392       |
| train/                  |             |
|    approx_kl            | 0.008662175 |
|    clip_fraction        | 0.0839      |
|    clip_range           | 0.2         |
|    entropy_loss         | -2.06       |
|    explained_variance   | 0.42        |
|    learning_rate        | 0.0003      |
|    loss                 | 0.825       |
|    n_updates            | 570         |
|    policy_gradient_loss | -0.0107     |
|    std                  | 0.67        |
|    value_loss           | 2.38        |
-----------------------------------------
-----------------------------------------
| rollout/                |             |
|    ep_len_mean          | 500         |
|    ep_rew_mean          | 29.2        |
|    success_rate         | 0           |
| time/                   |             |
|    fps                  | 691         |
|    iterations           | 59          |
|    time_elapsed         | 87          |
|    total_timesteps      | 60416       |
| train/                  |             |
|    approx_kl            | 0.007689588 |
|    clip_fraction        | 0.0501      |
|    clip_range           | 0.2         |
|    entropy_loss         | -2.03       |
|    explained_variance   | -0.934      |
|    learning_rate        | 0.0003      |
|    loss                 | 0.545       |
|    n_updates            | 580         |
|    policy_gradient_loss | -0.00156    |
|    std                  | 0.668       |
|    value_loss           | 4.91        |
-----------------------------------------
-----------------------------------------
| rollout/                |             |
|    ep_len_mean          | 500         |
|    ep_rew_mean          | 33.5        |
|    success_rate         | 0           |
| time/                   |             |
|    fps                  | 691         |
|    iterations           | 60          |
|    time_elapsed         | 88          |
|    total_timesteps      | 61440       |
| train/                  |             |
|    approx_kl            | 0.013656357 |
|    clip_fraction        | 0.0882      |
|    clip_range           | 0.2         |
|    entropy_loss         | -2.01       |
|    explained_variance   | 0.868       |
|    learning_rate        | 0.0003      |
|    loss                 | 0.571       |
|    n_updates            | 590         |
|    policy_gradient_loss | -0.00757    |
|    std                  | 0.659       |
|    value_loss           | 1.92        |
-----------------------------------------
-----------------------------------------
| rollout/                |             |
|    ep_len_mean          | 500         |
|    ep_rew_mean          | 37.5        |
|    success_rate         | 0           |
| time/                   |             |
|    fps                  | 691         |
|    iterations           | 61          |
|    time_elapsed         | 90          |
|    total_timesteps      | 62464       |
| train/                  |             |
|    approx_kl            | 0.008892665 |
|    clip_fraction        | 0.0958      |
|    clip_range           | 0.2         |
|    entropy_loss         | -1.97       |
|    explained_variance   | 0.669       |
|    learning_rate        | 0.0003      |
|    loss                 | 0.515       |
|    n_updates            | 600         |
|    policy_gradient_loss | -0.0113     |
|    std                  | 0.64        |
|    value_loss           | 1.66        |
-----------------------------------------
------------------------------------------
| rollout/                |              |
|    ep_len_mean          | 500          |
|    ep_rew_mean          | 39.8         |
|    success_rate         | 0            |
| time/                   |              |
|    fps                  | 691          |
|    iterations           | 62           |
|    time_elapsed         | 91           |
|    total_timesteps      | 63488        |
| train/                  |              |
|    approx_kl            | 0.0075773513 |
|    clip_fraction        | 0.0492       |
|    clip_range           | 0.2          |
|    entropy_loss         | -1.93        |
|    explained_variance   | 0.509        |
|    learning_rate        | 0.0003       |
|    loss                 | 0.362        |
|    n_updates            | 610          |
|    policy_gradient_loss | -0.0031      |
|    std                  | 0.637        |
|    value_loss           | 3.92         |
------------------------------------------
-----------------------------------------
| rollout/                |             |
|    ep_len_mean          | 500         |
|    ep_rew_mean          | 46.1        |
|    success_rate         | 0           |
| time/                   |             |
|    fps                  | 691         |
|    iterations           | 63          |
|    time_elapsed         | 93          |
|    total_timesteps      | 64512       |
| train/                  |             |
|    approx_kl            | 0.012520235 |
|    clip_fraction        | 0.143       |
|    clip_range           | 0.2         |
|    entropy_loss         | -1.93       |
|    explained_variance   | 0.755       |
|    learning_rate        | 0.0003      |
|    loss                 | 1.39        |
|    n_updates            | 620         |
|    policy_gradient_loss | -0.00784    |
|    std                  | 0.635       |
|    value_loss           | 2.59        |
-----------------------------------------
-----------------------------------------
| rollout/                |             |
|    ep_len_mean          | 500         |
|    ep_rew_mean          | 50.2        |
|    success_rate         | 0           |
| time/                   |             |
|    fps                  | 692         |
|    iterations           | 64          |
|    time_elapsed         | 94          |
|    total_timesteps      | 65536       |
| train/                  |             |
|    approx_kl            | 0.009948615 |
|    clip_fraction        | 0.0979      |
|    clip_range           | 0.2         |
|    entropy_loss         | -1.91       |
|    explained_variance   | 0.836       |
|    learning_rate        | 0.0003      |
|    loss                 | 0.451       |
|    n_updates            | 630         |
|    policy_gradient_loss | -0.00763    |
|    std                  | 0.629       |
|    value_loss           | 1.32        |
-----------------------------------------
-----------------------------------------
| rollout/                |             |
|    ep_len_mean          | 500         |
|    ep_rew_mean          | 54.6        |
|    success_rate         | 0           |
| time/                   |             |
|    fps                  | 690         |
|    iterations           | 65          |
|    time_elapsed         | 96          |
|    total_timesteps      | 66560       |
| train/                  |             |
|    approx_kl            | 0.013473381 |
|    clip_fraction        | 0.145       |
|    clip_range           | 0.2         |
|    entropy_loss         | -1.88       |
|    explained_variance   | -0.805      |
|    learning_rate        | 0.0003      |
|    loss                 | 0.772       |
|    n_updates            | 640         |
|    policy_gradient_loss | -0.014      |
|    std                  | 0.616       |
|    value_loss           | 1.59        |
-----------------------------------------
-----------------------------------------
| rollout/                |             |
|    ep_len_mean          | 500         |
|    ep_rew_mean          | 58.4        |
|    success_rate         | 0           |
| time/                   |             |
|    fps                  | 692         |
|    iterations           | 66          |
|    time_elapsed         | 97          |
|    total_timesteps      | 67584       |
| train/                  |             |
|    approx_kl            | 0.009347029 |
|    clip_fraction        | 0.0964      |
|    clip_range           | 0.2         |
|    entropy_loss         | -1.84       |
|    explained_variance   | 0.155       |
|    learning_rate        | 0.0003      |
|    loss                 | 0.149       |
|    n_updates            | 650         |
|    policy_gradient_loss | -0.01       |
|    std                  | 0.606       |
|    value_loss           | 1.19        |
-----------------------------------------
-----------------------------------------
| rollout/                |             |
|    ep_len_mean          | 500         |
|    ep_rew_mean          | 62.8        |
|    success_rate         | 0           |
| time/                   |             |
|    fps                  | 691         |
|    iterations           | 67          |
|    time_elapsed         | 99          |
|    total_timesteps      | 68608       |
| train/                  |             |
|    approx_kl            | 0.017126547 |
|    clip_fraction        | 0.215       |
|    clip_range           | 0.2         |
|    entropy_loss         | -1.81       |
|    explained_variance   | -0.11       |
|    learning_rate        | 0.0003      |
|    loss                 | 0.395       |
|    n_updates            | 660         |
|    policy_gradient_loss | -0.0193     |
|    std                  | 0.595       |
|    value_loss           | 1.45        |
-----------------------------------------
-----------------------------------------
| rollout/                |             |
|    ep_len_mean          | 500         |
|    ep_rew_mean          | 67.8        |
|    success_rate         | 0           |
| time/                   |             |
|    fps                  | 692         |
|    iterations           | 68          |
|    time_elapsed         | 100         |
|    total_timesteps      | 69632       |
| train/                  |             |
|    approx_kl            | 0.008169211 |
|    clip_fraction        | 0.11        |
|    clip_range           | 0.2         |
|    entropy_loss         | -1.77       |
|    explained_variance   | -0.408      |
|    learning_rate        | 0.0003      |
|    loss                 | 0.283       |
|    n_updates            | 670         |
|    policy_gradient_loss | -0.0103     |
|    std                  | 0.58        |
|    value_loss           | 0.972       |
-----------------------------------------
-----------------------------------------
| rollout/                |             |
|    ep_len_mean          | 500         |
|    ep_rew_mean          | 72.8        |
|    success_rate         | 0           |
| time/                   |             |
|    fps                  | 692         |
|    iterations           | 69          |
|    time_elapsed         | 102         |
|    total_timesteps      | 70656       |
| train/                  |             |
|    approx_kl            | 0.013692845 |
|    clip_fraction        | 0.153       |
|    clip_range           | 0.2         |
|    entropy_loss         | -1.72       |
|    explained_variance   | 0.674       |
|    learning_rate        | 0.0003      |
|    loss                 | 0.514       |
|    n_updates            | 680         |
|    policy_gradient_loss | -0.0133     |
|    std                  | 0.568       |
|    value_loss           | 0.841       |
-----------------------------------------
-----------------------------------------
| rollout/                |             |
|    ep_len_mean          | 497         |
|    ep_rew_mean          | 79.2        |
|    success_rate         | 0.01        |
| time/                   |             |
|    fps                  | 691         |
|    iterations           | 70          |
|    time_elapsed         | 103         |
|    total_timesteps      | 71680       |
| train/                  |             |
|    approx_kl            | 0.017719623 |
|    clip_fraction        | 0.164       |
|    clip_range           | 0.2         |
|    entropy_loss         | -1.68       |
|    explained_variance   | 0.9         |
|    learning_rate        | 0.0003      |
|    loss                 | 0.154       |
|    n_updates            | 690         |
|    policy_gradient_loss | -0.0132     |
|    std                  | 0.562       |
|    value_loss           | 0.666       |
-----------------------------------------
-----------------------------------------
| rollout/                |             |
|    ep_len_mean          | 492         |
|    ep_rew_mean          | 85.3        |
|    success_rate         | 0.03        |
| time/                   |             |
|    fps                  | 690         |
|    iterations           | 71          |
|    time_elapsed         | 105         |
|    total_timesteps      | 72704       |
| train/                  |             |
|    approx_kl            | 0.013424896 |
|    clip_fraction        | 0.146       |
|    clip_range           | 0.2         |
|    entropy_loss         | -1.67       |
|    explained_variance   | 0.201       |
|    learning_rate        | 0.0003      |
|    loss                 | 0.556       |
|    n_updates            | 700         |
|    policy_gradient_loss | -0.00867    |
|    std                  | 0.556       |
|    value_loss           | 1.59        |
-----------------------------------------
------------------------------------------
| rollout/                |              |
|    ep_len_mean          | 491          |
|    ep_rew_mean          | 90           |
|    success_rate         | 0.04         |
| time/                   |              |
|    fps                  | 690          |
|    iterations           | 72           |
|    time_elapsed         | 106          |
|    total_timesteps      | 73728        |
| train/                  |              |
|    approx_kl            | 0.0100762565 |
|    clip_fraction        | 0.128        |
|    clip_range           | 0.2          |
|    entropy_loss         | -1.64        |
|    explained_variance   | 0.0809       |
|    learning_rate        | 0.0003       |
|    loss                 | 0.556        |
|    n_updates            | 710          |
|    policy_gradient_loss | -0.00678     |
|    std                  | 0.549        |
|    value_loss           | 1.99         |
------------------------------------------
-----------------------------------------
| rollout/                |             |
|    ep_len_mean          | 489         |
|    ep_rew_mean          | 93.9        |
|    success_rate         | 0.05        |
| time/                   |             |
|    fps                  | 690         |
|    iterations           | 73          |
|    time_elapsed         | 108         |
|    total_timesteps      | 74752       |
| train/                  |             |
|    approx_kl            | 0.012054811 |
|    clip_fraction        | 0.118       |
|    clip_range           | 0.2         |
|    entropy_loss         | -1.62       |
|    explained_variance   | -0.0322     |
|    learning_rate        | 0.0003      |
|    loss                 | 0.567       |
|    n_updates            | 720         |
|    policy_gradient_loss | -0.00903    |
|    std                  | 0.544       |
|    value_loss           | 1.13        |
-----------------------------------------
-----------------------------------------
| rollout/                |             |
|    ep_len_mean          | 485         |
|    ep_rew_mean          | 101         |
|    success_rate         | 0.06        |
| time/                   |             |
|    fps                  | 690         |
|    iterations           | 74          |
|    time_elapsed         | 109         |
|    total_timesteps      | 75776       |
| train/                  |             |
|    approx_kl            | 0.009515917 |
|    clip_fraction        | 0.102       |
|    clip_range           | 0.2         |
|    entropy_loss         | -1.6        |
|    explained_variance   | 0.851       |
|    learning_rate        | 0.0003      |
|    loss                 | 0.447       |
|    n_updates            | 730         |
|    policy_gradient_loss | -0.00647    |
|    std                  | 0.541       |
|    value_loss           | 0.966       |
-----------------------------------------
-----------------------------------------
| rollout/                |             |
|    ep_len_mean          | 482         |
|    ep_rew_mean          | 108         |
|    success_rate         | 0.08        |
| time/                   |             |
|    fps                  | 690         |
|    iterations           | 75          |
|    time_elapsed         | 111         |
|    total_timesteps      | 76800       |
| train/                  |             |
|    approx_kl            | 0.009325187 |
|    clip_fraction        | 0.119       |
|    clip_range           | 0.2         |
|    entropy_loss         | -1.58       |
|    explained_variance   | 0.893       |
|    learning_rate        | 0.0003      |
|    loss                 | 0.285       |
|    n_updates            | 740         |
|    policy_gradient_loss | -0.00437    |
|    std                  | 0.533       |
|    value_loss           | 0.561       |
-----------------------------------------
-----------------------------------------
| rollout/                |             |
|    ep_len_mean          | 473         |
|    ep_rew_mean          | 116         |
|    success_rate         | 0.12        |
| time/                   |             |
|    fps                  | 690         |
|    iterations           | 76          |
|    time_elapsed         | 112         |
|    total_timesteps      | 77824       |
| train/                  |             |
|    approx_kl            | 0.006797401 |
|    clip_fraction        | 0.133       |
|    clip_range           | 0.2         |
|    entropy_loss         | -1.55       |
|    explained_variance   | 0.696       |
|    learning_rate        | 0.0003      |
|    loss                 | 0.428       |
|    n_updates            | 750         |
|    policy_gradient_loss | -0.00436    |
|    std                  | 0.525       |
|    value_loss           | 0.746       |
-----------------------------------------
----------------------------------------
| rollout/                |            |
|    ep_len_mean          | 469        |
|    ep_rew_mean          | 120        |
|    success_rate         | 0.13       |
| time/                   |            |
|    fps                  | 690        |
|    iterations           | 77         |
|    time_elapsed         | 114        |
|    total_timesteps      | 78848      |
| train/                  |            |
|    approx_kl            | 0.00688038 |
|    clip_fraction        | 0.0934     |
|    clip_range           | 0.2        |
|    entropy_loss         | -1.52      |
|    explained_variance   | 0.327      |
|    learning_rate        | 0.0003     |
|    loss                 | 0.313      |
|    n_updates            | 760        |
|    policy_gradient_loss | -0.00477   |
|    std                  | 0.517      |
|    value_loss           | 1          |
----------------------------------------
-----------------------------------------
| rollout/                |             |
|    ep_len_mean          | 469         |
|    ep_rew_mean          | 128         |
|    success_rate         | 0.14        |
| time/                   |             |
|    fps                  | 690         |
|    iterations           | 78          |
|    time_elapsed         | 115         |
|    total_timesteps      | 79872       |
| train/                  |             |
|    approx_kl            | 0.008319459 |
|    clip_fraction        | 0.152       |
|    clip_range           | 0.2         |
|    entropy_loss         | -1.49       |
|    explained_variance   | 0.802       |
|    learning_rate        | 0.0003      |
|    loss                 | 0.361       |
|    n_updates            | 770         |
|    policy_gradient_loss | -0.00512    |
|    std                  | 0.512       |
|    value_loss           | 0.465       |
-----------------------------------------
------------------------------------------
| rollout/                |              |
|    ep_len_mean          | 459          |
|    ep_rew_mean          | 135          |
|    success_rate         | 0.17         |
| time/                   |              |
|    fps                  | 690          |
|    iterations           | 79           |
|    time_elapsed         | 117          |
|    total_timesteps      | 80896        |
| train/                  |              |
|    approx_kl            | 0.0093756495 |
|    clip_fraction        | 0.136        |
|    clip_range           | 0.2          |
|    entropy_loss         | -1.48        |
|    explained_variance   | 0.908        |
|    learning_rate        | 0.0003       |
|    loss                 | 0.262        |
|    n_updates            | 780          |
|    policy_gradient_loss | -0.00331     |
|    std                  | 0.509        |
|    value_loss           | 0.375        |
------------------------------------------
-----------------------------------------
| rollout/                |             |
|    ep_len_mean          | 439         |
|    ep_rew_mean          | 143         |
|    success_rate         | 0.23        |
| time/                   |             |
|    fps                  | 690         |
|    iterations           | 80          |
|    time_elapsed         | 118         |
|    total_timesteps      | 81920       |
| train/                  |             |
|    approx_kl            | 0.012758044 |
|    clip_fraction        | 0.127       |
|    clip_range           | 0.2         |
|    entropy_loss         | -1.46       |
|    explained_variance   | 0.357       |
|    learning_rate        | 0.0003      |
|    loss                 | 0.42        |
|    n_updates            | 790         |
|    policy_gradient_loss | -0.00464    |
|    std                  | 0.502       |
|    value_loss           | 0.679       |
-----------------------------------------
-----------------------------------------
| rollout/                |             |
|    ep_len_mean          | 428         |
|    ep_rew_mean          | 150         |
|    success_rate         | 0.26        |
| time/                   |             |
|    fps                  | 690         |
|    iterations           | 81          |
|    time_elapsed         | 120         |
|    total_timesteps      | 82944       |
| train/                  |             |
|    approx_kl            | 0.009770166 |
|    clip_fraction        | 0.128       |
|    clip_range           | 0.2         |
|    entropy_loss         | -1.43       |
|    explained_variance   | 0.764       |
|    learning_rate        | 0.0003      |
|    loss                 | 0.395       |
|    n_updates            | 800         |
|    policy_gradient_loss | -0.00685    |
|    std                  | 0.494       |
|    value_loss           | 1.28        |
-----------------------------------------
-----------------------------------------
| rollout/                |             |
|    ep_len_mean          | 419         |
|    ep_rew_mean          | 156         |
|    success_rate         | 0.3         |
| time/                   |             |
|    fps                  | 690         |
|    iterations           | 82          |
|    time_elapsed         | 121         |
|    total_timesteps      | 83968       |
| train/                  |             |
|    approx_kl            | 0.012572671 |
|    clip_fraction        | 0.169       |
|    clip_range           | 0.2         |
|    entropy_loss         | -1.4        |
|    explained_variance   | 0.156       |
|    learning_rate        | 0.0003      |
|    loss                 | 0.155       |
|    n_updates            | 810         |
|    policy_gradient_loss | -0.0133     |
|    std                  | 0.489       |
|    value_loss           | 0.408       |
-----------------------------------------
------------------------------------------
| rollout/                |              |
|    ep_len_mean          | 397          |
|    ep_rew_mean          | 160          |
|    success_rate         | 0.36         |
| time/                   |              |
|    fps                  | 690          |
|    iterations           | 83           |
|    time_elapsed         | 123          |
|    total_timesteps      | 84992        |
| train/                  |              |
|    approx_kl            | 0.0127555905 |
|    clip_fraction        | 0.148        |
|    clip_range           | 0.2          |
|    entropy_loss         | -1.38        |
|    explained_variance   | 0.609        |
|    learning_rate        | 0.0003       |
|    loss                 | 0.674        |
|    n_updates            | 820          |
|    policy_gradient_loss | -0.00485     |
|    std                  | 0.483        |
|    value_loss           | 0.974        |
------------------------------------------
-----------------------------------------
| rollout/                |             |
|    ep_len_mean          | 378         |
|    ep_rew_mean          | 164         |
|    success_rate         | 0.42        |
| time/                   |             |
|    fps                  | 689         |
|    iterations           | 84          |
|    time_elapsed         | 124         |
|    total_timesteps      | 86016       |
| train/                  |             |
|    approx_kl            | 0.019478716 |
|    clip_fraction        | 0.174       |
|    clip_range           | 0.2         |
|    entropy_loss         | -1.35       |
|    explained_variance   | 0.792       |
|    learning_rate        | 0.0003      |
|    loss                 | 0.405       |
|    n_updates            | 830         |
|    policy_gradient_loss | -0.0103     |
|    std                  | 0.478       |
|    value_loss           | 0.724       |
-----------------------------------------
-----------------------------------------
| rollout/                |             |
|    ep_len_mean          | 359         |
|    ep_rew_mean          | 168         |
|    success_rate         | 0.48        |
| time/                   |             |
|    fps                  | 690         |
|    iterations           | 85          |
|    time_elapsed         | 126         |
|    total_timesteps      | 87040       |
| train/                  |             |
|    approx_kl            | 0.010636112 |
|    clip_fraction        | 0.148       |
|    clip_range           | 0.2         |
|    entropy_loss         | -1.33       |
|    explained_variance   | -0.34       |
|    learning_rate        | 0.0003      |
|    loss                 | 0.306       |
|    n_updates            | 840         |
|    policy_gradient_loss | -0.00682    |
|    std                  | 0.473       |
|    value_loss           | 0.881       |
-----------------------------------------
-----------------------------------------
| rollout/                |             |
|    ep_len_mean          | 338         |
|    ep_rew_mean          | 168         |
|    success_rate         | 0.54        |
| time/                   |             |
|    fps                  | 690         |
|    iterations           | 86          |
|    time_elapsed         | 127         |
|    total_timesteps      | 88064       |
| train/                  |             |
|    approx_kl            | 0.010649806 |
|    clip_fraction        | 0.108       |
|    clip_range           | 0.2         |
|    entropy_loss         | -1.3        |
|    explained_variance   | 0.251       |
|    learning_rate        | 0.0003      |
|    loss                 | 0.195       |
|    n_updates            | 850         |
|    policy_gradient_loss | -0.0057     |
|    std                  | 0.465       |
|    value_loss           | 0.499       |
-----------------------------------------
-----------------------------------------
| rollout/                |             |
|    ep_len_mean          | 311         |
|    ep_rew_mean          | 165         |
|    success_rate         | 0.62        |
| time/                   |             |
|    fps                  | 690         |
|    iterations           | 87          |
|    time_elapsed         | 128         |
|    total_timesteps      | 89088       |
| train/                  |             |
|    approx_kl            | 0.012836142 |
|    clip_fraction        | 0.118       |
|    clip_range           | 0.2         |
|    entropy_loss         | -1.27       |
|    explained_variance   | 0.325       |
|    learning_rate        | 0.0003      |
|    loss                 | 0.26        |
|    n_updates            | 860         |
|    policy_gradient_loss | -0.00688    |
|    std                  | 0.456       |
|    value_loss           | 0.501       |
-----------------------------------------
----------------------------------------
| rollout/                |            |
|    ep_len_mean          | 276        |
|    ep_rew_mean          | 161        |
|    success_rate         | 0.71       |
| time/                   |            |
|    fps                  | 689        |
|    iterations           | 88         |
|    time_elapsed         | 130        |
|    total_timesteps      | 90112      |
| train/                  |            |
|    approx_kl            | 0.00913562 |
|    clip_fraction        | 0.119      |
|    clip_range           | 0.2        |
|    entropy_loss         | -1.22      |
|    explained_variance   | 0.0955     |
|    learning_rate        | 0.0003     |
|    loss                 | 0.129      |
|    n_updates            | 870        |
|    policy_gradient_loss | -0.00318   |
|    std                  | 0.447      |
|    value_loss           | 0.395      |
----------------------------------------
-----------------------------------------
| rollout/                |             |
|    ep_len_mean          | 251         |
|    ep_rew_mean          | 155         |
|    success_rate         | 0.78        |
| time/                   |             |
|    fps                  | 689         |
|    iterations           | 89          |
|    time_elapsed         | 132         |
|    total_timesteps      | 91136       |
| train/                  |             |
|    approx_kl            | 0.010788105 |
|    clip_fraction        | 0.151       |
|    clip_range           | 0.2         |
|    entropy_loss         | -1.2        |
|    explained_variance   | 0.199       |
|    learning_rate        | 0.0003      |
|    loss                 | 0.107       |
|    n_updates            | 880         |
|    policy_gradient_loss | -0.00639    |
|    std                  | 0.443       |
|    value_loss           | 0.311       |
-----------------------------------------
-----------------------------------------
| rollout/                |             |
|    ep_len_mean          | 233         |
|    ep_rew_mean          | 151         |
|    success_rate         | 0.83        |
| time/                   |             |
|    fps                  | 689         |
|    iterations           | 90          |
|    time_elapsed         | 133         |
|    total_timesteps      | 92160       |
| train/                  |             |
|    approx_kl            | 0.015795605 |
|    clip_fraction        | 0.145       |
|    clip_range           | 0.2         |
|    entropy_loss         | -1.18       |
|    explained_variance   | 0.109       |
|    learning_rate        | 0.0003      |
|    loss                 | 0.25        |
|    n_updates            | 890         |
|    policy_gradient_loss | -0.0099     |
|    std                  | 0.437       |
|    value_loss           | 0.384       |
-----------------------------------------
-----------------------------------------
| rollout/                |             |
|    ep_len_mean          | 211         |
|    ep_rew_mean          | 143         |
|    success_rate         | 0.88        |
| time/                   |             |
|    fps                  | 689         |
|    iterations           | 91          |
|    time_elapsed         | 135         |
|    total_timesteps      | 93184       |
| train/                  |             |
|    approx_kl            | 0.011348711 |
|    clip_fraction        | 0.11        |
|    clip_range           | 0.2         |
|    entropy_loss         | -1.17       |
|    explained_variance   | 0.466       |
|    learning_rate        | 0.0003      |
|    loss                 | 0.375       |
|    n_updates            | 900         |
|    policy_gradient_loss | -0.00594    |
|    std                  | 0.442       |
|    value_loss           | 1.93        |
-----------------------------------------
------------------------------------------
| rollout/                |              |
|    ep_len_mean          | 198          |
|    ep_rew_mean          | 135          |
|    success_rate         | 0.9          |
| time/                   |              |
|    fps                  | 689          |
|    iterations           | 92           |
|    time_elapsed         | 136          |
|    total_timesteps      | 94208        |
| train/                  |              |
|    approx_kl            | 0.0113689015 |
|    clip_fraction        | 0.133        |
|    clip_range           | 0.2          |
|    entropy_loss         | -1.19        |
|    explained_variance   | 0.834        |
|    learning_rate        | 0.0003       |
|    loss                 | 0.217        |
|    n_updates            | 910          |
|    policy_gradient_loss | -0.00654     |
|    std                  | 0.448        |
|    value_loss           | 0.859        |
------------------------------------------
-----------------------------------------
| rollout/                |             |
|    ep_len_mean          | 182         |
|    ep_rew_mean          | 129         |
|    success_rate         | 0.93        |
| time/                   |             |
|    fps                  | 689         |
|    iterations           | 93          |
|    time_elapsed         | 138         |
|    total_timesteps      | 95232       |
| train/                  |             |
|    approx_kl            | 0.013791967 |
|    clip_fraction        | 0.119       |
|    clip_range           | 0.2         |
|    entropy_loss         | -1.21       |
|    explained_variance   | 0.0161      |
|    learning_rate        | 0.0003      |
|    loss                 | 0.169       |
|    n_updates            | 920         |
|    policy_gradient_loss | -0.00712    |
|    std                  | 0.449       |
|    value_loss           | 6.4         |
-----------------------------------------
-----------------------------------------
| rollout/                |             |
|    ep_len_mean          | 173         |
|    ep_rew_mean          | 126         |
|    success_rate         | 0.95        |
| time/                   |             |
|    fps                  | 689         |
|    iterations           | 94          |
|    time_elapsed         | 139         |
|    total_timesteps      | 96256       |
| train/                  |             |
|    approx_kl            | 0.009650537 |
|    clip_fraction        | 0.12        |
|    clip_range           | 0.2         |
|    entropy_loss         | -1.2        |
|    explained_variance   | 0.648       |
|    learning_rate        | 0.0003      |
|    loss                 | 0.519       |
|    n_updates            | 930         |
|    policy_gradient_loss | -0.00337    |
|    std                  | 0.446       |
|    value_loss           | 1.46        |
-----------------------------------------
-----------------------------------------
| rollout/                |             |
|    ep_len_mean          | 163         |
|    ep_rew_mean          | 123         |
|    success_rate         | 0.97        |
| time/                   |             |
|    fps                  | 688         |
|    iterations           | 95          |
|    time_elapsed         | 141         |
|    total_timesteps      | 97280       |
| train/                  |             |
|    approx_kl            | 0.013911682 |
|    clip_fraction        | 0.165       |
|    clip_range           | 0.2         |
|    entropy_loss         | -1.19       |
|    explained_variance   | 0.0488      |
|    learning_rate        | 0.0003      |
|    loss                 | 0.0174      |
|    n_updates            | 940         |
|    policy_gradient_loss | -0.00524    |
|    std                  | 0.442       |
|    value_loss           | 0.167       |
-----------------------------------------
-----------------------------------------
| rollout/                |             |
|    ep_len_mean          | 161         |
|    ep_rew_mean          | 121         |
|    success_rate         | 0.97        |
| time/                   |             |
|    fps                  | 689         |
|    iterations           | 96          |
|    time_elapsed         | 142         |
|    total_timesteps      | 98304       |
| train/                  |             |
|    approx_kl            | 0.010684736 |
|    clip_fraction        | 0.137       |
|    clip_range           | 0.2         |
|    entropy_loss         | -1.18       |
|    explained_variance   | 0.841       |
|    learning_rate        | 0.0003      |
|    loss                 | 0.494       |
|    n_updates            | 950         |
|    policy_gradient_loss | -0.00288    |
|    std                  | 0.441       |
|    value_loss           | 0.775       |
-----------------------------------------
-----------------------------------------
| rollout/                |             |
|    ep_len_mean          | 157         |
|    ep_rew_mean          | 120         |
|    success_rate         | 0.98        |
| time/                   |             |
|    fps                  | 688         |
|    iterations           | 97          |
|    time_elapsed         | 144         |
|    total_timesteps      | 99328       |
| train/                  |             |
|    approx_kl            | 0.013765203 |
|    clip_fraction        | 0.128       |
|    clip_range           | 0.2         |
|    entropy_loss         | -1.16       |
|    explained_variance   | 0.0904      |
|    learning_rate        | 0.0003      |
|    loss                 | 0.143       |
|    n_updates            | 960         |
|    policy_gradient_loss | -0.00459    |
|    std                  | 0.436       |
|    value_loss           | 0.196       |
-----------------------------------------
------------------------------------------
| rollout/                |              |
|    ep_len_mean          | 157          |
|    ep_rew_mean          | 117          |
|    success_rate         | 0.97         |
| time/                   |              |
|    fps                  | 687          |
|    iterations           | 98           |
|    time_elapsed         | 145          |
|    total_timesteps      | 100352       |
| train/                  |              |
|    approx_kl            | 0.0076803034 |
|    clip_fraction        | 0.0926       |
|    clip_range           | 0.2          |
|    entropy_loss         | -1.15        |
|    explained_variance   | 0.0422       |
|    learning_rate        | 0.0003       |
|    loss                 | 0.902        |
|    n_updates            | 970          |
|    policy_gradient_loss | -0.00266     |
|    std                  | 0.437        |
|    value_loss           | 5.17         |
------------------------------------------
-----------------------------------------
| rollout/                |             |
|    ep_len_mean          | 159         |
|    ep_rew_mean          | 116         |
|    success_rate         | 0.96        |
| time/                   |             |
|    fps                  | 688         |
|    iterations           | 99          |
|    time_elapsed         | 147         |
|    total_timesteps      | 101376      |
| train/                  |             |
|    approx_kl            | 0.006349491 |
|    clip_fraction        | 0.115       |
|    clip_range           | 0.2         |
|    entropy_loss         | -1.16       |
|    explained_variance   | 0.786       |
|    learning_rate        | 0.0003      |
|    loss                 | 0.469       |
|    n_updates            | 980         |
|    policy_gradient_loss | -0.00195    |
|    std                  | 0.438       |
|    value_loss           | 1.33        |
-----------------------------------------
-----------------------------------------
| rollout/                |             |
|    ep_len_mean          | 158         |
|    ep_rew_mean          | 115         |
|    success_rate         | 0.96        |
| time/                   |             |
|    fps                  | 688         |
|    iterations           | 100         |
|    time_elapsed         | 148         |
|    total_timesteps      | 102400      |
| train/                  |             |
|    approx_kl            | 0.005953908 |
|    clip_fraction        | 0.0797      |
|    clip_range           | 0.2         |
|    entropy_loss         | -1.15       |
|    explained_variance   | 0.717       |
|    learning_rate        | 0.0003      |
|    loss                 | 0.436       |
|    n_updates            | 990         |
|    policy_gradient_loss | -0.00188    |
|    std                  | 0.434       |
|    value_loss           | 2.31        |
-----------------------------------------
-----------------------------------------
| rollout/                |             |
|    ep_len_mean          | 158         |
|    ep_rew_mean          | 115         |
|    success_rate         | 0.96        |
| time/                   |             |
|    fps                  | 689         |
|    iterations           | 101         |
|    time_elapsed         | 150         |
|    total_timesteps      | 103424      |
| train/                  |             |
|    approx_kl            | 0.013265753 |
|    clip_fraction        | 0.169       |
|    clip_range           | 0.2         |
|    entropy_loss         | -1.14       |
|    explained_variance   | 0.857       |
|    learning_rate        | 0.0003      |
|    loss                 | 0.157       |
|    n_updates            | 1000        |
|    policy_gradient_loss | -0.00504    |
|    std                  | 0.432       |
|    value_loss           | 1.07        |
-----------------------------------------
-----------------------------------------
| rollout/                |             |
|    ep_len_mean          | 161         |
|    ep_rew_mean          | 115         |
|    success_rate         | 0.94        |
| time/                   |             |
|    fps                  | 689         |
|    iterations           | 102         |
|    time_elapsed         | 151         |
|    total_timesteps      | 104448      |
| train/                  |             |
|    approx_kl            | 0.012248794 |
|    clip_fraction        | 0.178       |
|    clip_range           | 0.2         |
|    entropy_loss         | -1.13       |
|    explained_variance   | 0.429       |
|    learning_rate        | 0.0003      |
|    loss                 | 0.765       |
|    n_updates            | 1010        |
|    policy_gradient_loss | -0.0104     |
|    std                  | 0.429       |
|    value_loss           | 1.17        |
-----------------------------------------
-----------------------------------------
| rollout/                |             |
|    ep_len_mean          | 161         |
|    ep_rew_mean          | 115         |
|    success_rate         | 0.94        |
| time/                   |             |
|    fps                  | 689         |
|    iterations           | 103         |
|    time_elapsed         | 152         |
|    total_timesteps      | 105472      |
| train/                  |             |
|    approx_kl            | 0.015295715 |
|    clip_fraction        | 0.189       |
|    clip_range           | 0.2         |
|    entropy_loss         | -1.12       |
|    explained_variance   | 0.725       |
|    learning_rate        | 0.0003      |
|    loss                 | 0.208       |
|    n_updates            | 1020        |
|    policy_gradient_loss | -0.00527    |
|    std                  | 0.43        |
|    value_loss           | 0.332       |
-----------------------------------------
-----------------------------------------
| rollout/                |             |
|    ep_len_mean          | 166         |
|    ep_rew_mean          | 115         |
|    success_rate         | 0.93        |
| time/                   |             |
|    fps                  | 689         |
|    iterations           | 104         |
|    time_elapsed         | 154         |
|    total_timesteps      | 106496      |
| train/                  |             |
|    approx_kl            | 0.013381334 |
|    clip_fraction        | 0.177       |
|    clip_range           | 0.2         |
|    entropy_loss         | -1.11       |
|    explained_variance   | 0.595       |
|    learning_rate        | 0.0003      |
|    loss                 | 0.116       |
|    n_updates            | 1030        |
|    policy_gradient_loss | -0.00486    |
|    std                  | 0.427       |
|    value_loss           | 0.426       |
-----------------------------------------
-----------------------------------------
| rollout/                |             |
|    ep_len_mean          | 166         |
|    ep_rew_mean          | 115         |
|    success_rate         | 0.93        |
| time/                   |             |
|    fps                  | 689         |
|    iterations           | 105         |
|    time_elapsed         | 155         |
|    total_timesteps      | 107520      |
| train/                  |             |
|    approx_kl            | 0.008018257 |
|    clip_fraction        | 0.0807      |
|    clip_range           | 0.2         |
|    entropy_loss         | -1.1        |
|    explained_variance   | 0.313       |
|    learning_rate        | 0.0003      |
|    loss                 | 0.644       |
|    n_updates            | 1040        |
|    policy_gradient_loss | -0.00083    |
|    std                  | 0.426       |
|    value_loss           | 4.56        |
-----------------------------------------
-----------------------------------------
| rollout/                |             |
|    ep_len_mean          | 167         |
|    ep_rew_mean          | 115         |
|    success_rate         | 0.93        |
| time/                   |             |
|    fps                  | 690         |
|    iterations           | 106         |
|    time_elapsed         | 157         |
|    total_timesteps      | 108544      |
| train/                  |             |
|    approx_kl            | 0.011287666 |
|    clip_fraction        | 0.146       |
|    clip_range           | 0.2         |
|    entropy_loss         | -1.09       |
|    explained_variance   | 0.475       |
|    learning_rate        | 0.0003      |
|    loss                 | 0.264       |
|    n_updates            | 1050        |
|    policy_gradient_loss | -0.0033     |
|    std                  | 0.42        |
|    value_loss           | 0.36        |
-----------------------------------------
-----------------------------------------
| rollout/                |             |
|    ep_len_mean          | 165         |
|    ep_rew_mean          | 117         |
|    success_rate         | 0.94        |
| time/                   |             |
|    fps                  | 690         |
|    iterations           | 107         |
|    time_elapsed         | 158         |
|    total_timesteps      | 109568      |
| train/                  |             |
|    approx_kl            | 0.014797913 |
|    clip_fraction        | 0.15        |
|    clip_range           | 0.2         |
|    entropy_loss         | -1.06       |
|    explained_variance   | 0.547       |
|    learning_rate        | 0.0003      |
|    loss                 | 0.171       |
|    n_updates            | 1060        |
|    policy_gradient_loss | -0.00602    |
|    std                  | 0.414       |
|    value_loss           | 0.405       |
-----------------------------------------
-----------------------------------------
| rollout/                |             |
|    ep_len_mean          | 169         |
|    ep_rew_mean          | 118         |
|    success_rate         | 0.93        |
| time/                   |             |
|    fps                  | 690         |
|    iterations           | 108         |
|    time_elapsed         | 160         |
|    total_timesteps      | 110592      |
| train/                  |             |
|    approx_kl            | 0.014406663 |
|    clip_fraction        | 0.153       |
|    clip_range           | 0.2         |
|    entropy_loss         | -1.03       |
|    explained_variance   | 0.45        |
|    learning_rate        | 0.0003      |
|    loss                 | 0.206       |
|    n_updates            | 1070        |
|    policy_gradient_loss | -0.0028     |
|    std                  | 0.407       |
|    value_loss           | 0.312       |
-----------------------------------------
----------------------------------------
| rollout/                |            |
|    ep_len_mean          | 163        |
|    ep_rew_mean          | 119        |
|    success_rate         | 0.94       |
| time/                   |            |
|    fps                  | 689        |
|    iterations           | 109        |
|    time_elapsed         | 161        |
|    total_timesteps      | 111616     |
| train/                  |            |
|    approx_kl            | 0.01141811 |
|    clip_fraction        | 0.169      |
|    clip_range           | 0.2        |
|    entropy_loss         | -1         |
|    explained_variance   | 0.82       |
|    learning_rate        | 0.0003     |
|    loss                 | 0.0845     |
|    n_updates            | 1080       |
|    policy_gradient_loss | -0.00593   |
|    std                  | 0.404      |
|    value_loss           | 0.216      |
----------------------------------------
------------------------------------------
| rollout/                |              |
|    ep_len_mean          | 162          |
|    ep_rew_mean          | 118          |
|    success_rate         | 0.94         |
| time/                   |              |
|    fps                  | 689          |
|    iterations           | 110          |
|    time_elapsed         | 163          |
|    total_timesteps      | 112640       |
| train/                  |              |
|    approx_kl            | 0.0073475866 |
|    clip_fraction        | 0.121        |
|    clip_range           | 0.2          |
|    entropy_loss         | -0.985       |
|    explained_variance   | 0.543        |
|    learning_rate        | 0.0003       |
|    loss                 | 0.0899       |
|    n_updates            | 1090         |
|    policy_gradient_loss | -0.00358     |
|    std                  | 0.399        |
|    value_loss           | 0.27         |
------------------------------------------
-----------------------------------------
| rollout/                |             |
|    ep_len_mean          | 158         |
|    ep_rew_mean          | 116         |
|    success_rate         | 0.94        |
| time/                   |             |
|    fps                  | 689         |
|    iterations           | 111         |
|    time_elapsed         | 164         |
|    total_timesteps      | 113664      |
| train/                  |             |
|    approx_kl            | 0.010890674 |
|    clip_fraction        | 0.144       |
|    clip_range           | 0.2         |
|    entropy_loss         | -0.962      |
|    explained_variance   | 0.528       |
|    learning_rate        | 0.0003      |
|    loss                 | 0.223       |
|    n_updates            | 1100        |
|    policy_gradient_loss | -0.00217    |
|    std                  | 0.395       |
|    value_loss           | 0.329       |
-----------------------------------------
-----------------------------------------
| rollout/                |             |
|    ep_len_mean          | 160         |
|    ep_rew_mean          | 117         |
|    success_rate         | 0.94        |
| time/                   |             |
|    fps                  | 689         |
|    iterations           | 112         |
|    time_elapsed         | 166         |
|    total_timesteps      | 114688      |
| train/                  |             |
|    approx_kl            | 0.013844408 |
|    clip_fraction        | 0.182       |
|    clip_range           | 0.2         |
|    entropy_loss         | -0.94       |
|    explained_variance   | 0.638       |
|    learning_rate        | 0.0003      |
|    loss                 | 0.0802      |
|    n_updates            | 1110        |
|    policy_gradient_loss | -0.0105     |
|    std                  | 0.39        |
|    value_loss           | 0.369       |
-----------------------------------------
-----------------------------------------
| rollout/                |             |
|    ep_len_mean          | 154         |
|    ep_rew_mean          | 117         |
|    success_rate         | 0.95        |
| time/                   |             |
|    fps                  | 690         |
|    iterations           | 113         |
|    time_elapsed         | 167         |
|    total_timesteps      | 115712      |
| train/                  |             |
|    approx_kl            | 0.014749837 |
|    clip_fraction        | 0.189       |
|    clip_range           | 0.2         |
|    entropy_loss         | -0.917      |
|    explained_variance   | 0.628       |
|    learning_rate        | 0.0003      |
|    loss                 | 0.085       |
|    n_updates            | 1120        |
|    policy_gradient_loss | -0.00885    |
|    std                  | 0.386       |
|    value_loss           | 0.232       |
-----------------------------------------
-----------------------------------------
| rollout/                |             |
|    ep_len_mean          | 153         |
|    ep_rew_mean          | 117         |
|    success_rate         | 0.95        |
| time/                   |             |
|    fps                  | 689         |
|    iterations           | 114         |
|    time_elapsed         | 169         |
|    total_timesteps      | 116736      |
| train/                  |             |
|    approx_kl            | 0.014172753 |
|    clip_fraction        | 0.153       |
|    clip_range           | 0.2         |
|    entropy_loss         | -0.91       |
|    explained_variance   | 0.387       |
|    learning_rate        | 0.0003      |
|    loss                 | 0.276       |
|    n_updates            | 1130        |
|    policy_gradient_loss | -0.00576    |
|    std                  | 0.389       |
|    value_loss           | 0.841       |
-----------------------------------------
-----------------------------------------
| rollout/                |             |
|    ep_len_mean          | 157         |
|    ep_rew_mean          | 116         |
|    success_rate         | 0.94        |
| time/                   |             |
|    fps                  | 689         |
|    iterations           | 115         |
|    time_elapsed         | 170         |
|    total_timesteps      | 117760      |
| train/                  |             |
|    approx_kl            | 0.014661513 |
|    clip_fraction        | 0.143       |
|    clip_range           | 0.2         |
|    entropy_loss         | -0.919      |
|    explained_variance   | 0.781       |
|    learning_rate        | 0.0003      |
|    loss                 | 0.359       |
|    n_updates            | 1140        |
|    policy_gradient_loss | -0.00154    |
|    std                  | 0.39        |
|    value_loss           | 2.05        |
-----------------------------------------
------------------------------------------
| rollout/                |              |
|    ep_len_mean          | 147          |
|    ep_rew_mean          | 112          |
|    success_rate         | 0.96         |
| time/                   |              |
|    fps                  | 689          |
|    iterations           | 116          |
|    time_elapsed         | 172          |
|    total_timesteps      | 118784       |
| train/                  |              |
|    approx_kl            | 0.0075921435 |
|    clip_fraction        | 0.0886       |
|    clip_range           | 0.2          |
|    entropy_loss         | -0.924       |
|    explained_variance   | 0.786        |
|    learning_rate        | 0.0003       |
|    loss                 | 0.402        |
|    n_updates            | 1150         |
|    policy_gradient_loss | -0.00252     |
|    std                  | 0.39         |
|    value_loss           | 2.41         |
------------------------------------------
-----------------------------------------
| rollout/                |             |
|    ep_len_mean          | 147         |
|    ep_rew_mean          | 112         |
|    success_rate         | 0.96        |
| time/                   |             |
|    fps                  | 689         |
|    iterations           | 117         |
|    time_elapsed         | 173         |
|    total_timesteps      | 119808      |
| train/                  |             |
|    approx_kl            | 0.019628933 |
|    clip_fraction        | 0.224       |
|    clip_range           | 0.2         |
|    entropy_loss         | -0.932      |
|    explained_variance   | 0.363       |
|    learning_rate        | 0.0003      |
|    loss                 | 0.144       |
|    n_updates            | 1160        |
|    policy_gradient_loss | -0.00623    |
|    std                  | 0.393       |
|    value_loss           | 0.813       |
-----------------------------------------
-----------------------------------------
| rollout/                |             |
|    ep_len_mean          | 153         |
|    ep_rew_mean          | 112         |
|    success_rate         | 0.95        |
| time/                   |             |
|    fps                  | 688         |
|    iterations           | 118         |
|    time_elapsed         | 175         |
|    total_timesteps      | 120832      |
| train/                  |             |
|    approx_kl            | 0.007865313 |
|    clip_fraction        | 0.0989      |
|    clip_range           | 0.2         |
|    entropy_loss         | -0.946      |
|    explained_variance   | 0.561       |
|    learning_rate        | 0.0003      |
|    loss                 | 0.0694      |
|    n_updates            | 1170        |
|    policy_gradient_loss | 0.00126     |
|    std                  | 0.397       |
|    value_loss           | 1.72        |
-----------------------------------------
ARTIFACT_DIR: C:\Users\cyril.beurier\code\robot-learning-model-runtime\models\candidates\90890200-b313-4f38-b010-de1eaaeb3d98\experiment-1
